work_year,experience_level,employment_type,job_title,salary,salary_currency,salary_in_usd,employee_residence,remote_ratio,company_location,company_size,is_outlier,seniority,work_setting,company_size_label,job_category,salary_band
2020,MI,FT,DATA SCIENTIST,70000,EUR,79833,DE,0,DE,L,0,MID,On-site,Large,Data Science,50K-100K
2020,SE,FT,MACHINE LEARNING SCIENTIST,260000,USD,260000,JP,0,JP,S,0,SENIOR,On-site,Small,Machine Learning,200K+
2020,SE,FT,BIG DATA ENGINEER,85000,GBP,109024,GB,50,GB,M,0,SENIOR,Hybrid,Medium,Data Engineering,100K-150K
2020,MI,FT,PRODUCT DATA ANALYST,20000,USD,20000,HN,0,HN,S,0,MID,On-site,Small,Data Analytics,<50K
2020,SE,FT,MACHINE LEARNING ENGINEER,150000,USD,150000,US,50,US,L,0,SENIOR,Hybrid,Large,Machine Learning,150K-200K
2020,EN,FT,DATA ANALYST,72000,USD,72000,US,100,US,L,0,JUNIOR,Remote,Large,Data Analytics,50K-100K
2020,SE,FT,LEAD DATA SCIENTIST,190000,USD,190000,US,100,US,S,0,SENIOR,Remote,Small,Data Science,150K-200K
2020,MI,FT,DATA SCIENTIST,11000000,HUF,35735,HU,50,HU,L,0,MID,Hybrid,Large,Data Science,<50K
2020,MI,FT,BUSINESS DATA ANALYST,135000,USD,135000,US,100,US,L,0,MID,Remote,Large,Data Analytics,100K-150K
2020,SE,FT,LEAD DATA ENGINEER,125000,USD,125000,NZ,50,NZ,S,0,SENIOR,Hybrid,Small,Data Engineering,100K-150K
2020,EN,FT,DATA SCIENTIST,45000,EUR,51321,FR,0,FR,S,0,JUNIOR,On-site,Small,Data Science,50K-100K
2020,MI,FT,DATA SCIENTIST,3000000,INR,40481,IN,0,IN,L,0,MID,On-site,Large,Data Science,<50K
2020,EN,FT,DATA SCIENTIST,35000,EUR,39916,FR,0,FR,M,0,JUNIOR,On-site,Medium,Data Science,<50K
2020,MI,FT,LEAD DATA ANALYST,87000,USD,87000,US,100,US,L,0,MID,Remote,Large,Data Analytics,50K-100K
2020,MI,FT,DATA ANALYST,85000,USD,85000,US,100,US,L,0,MID,Remote,Large,Data Analytics,50K-100K
2020,MI,FT,DATA ANALYST,8000,USD,8000,PK,50,PK,L,0,MID,Hybrid,Large,Data Analytics,<50K
2020,EN,FT,DATA ENGINEER,4450000,JPY,41689,JP,100,JP,S,0,JUNIOR,Remote,Small,Data Engineering,<50K
2020,SE,FT,BIG DATA ENGINEER,100000,EUR,114047,PL,100,GB,S,0,SENIOR,Remote,Small,Data Engineering,100K-150K
2020,EN,FT,DATA SCIENCE CONSULTANT,423000,INR,5707,IN,50,IN,M,0,JUNIOR,Hybrid,Medium,Data Science,<50K
2020,MI,FT,LEAD DATA ENGINEER,56000,USD,56000,PT,100,US,M,0,MID,Remote,Medium,Data Engineering,50K-100K
2020,MI,FT,MACHINE LEARNING ENGINEER,299000,CNY,43331,CN,0,CN,M,0,MID,On-site,Medium,Machine Learning,<50K
2020,MI,FT,PRODUCT DATA ANALYST,450000,INR,6072,IN,100,IN,L,0,MID,Remote,Large,Data Analytics,<50K
2020,SE,FT,DATA ENGINEER,42000,EUR,47899,GR,50,GR,L,0,SENIOR,Hybrid,Large,Data Engineering,<50K
2020,MI,FT,BI DATA ANALYST,98000,USD,98000,US,0,US,M,0,MID,On-site,Medium,Data Analytics,50K-100K
2020,MI,FT,LEAD DATA SCIENTIST,115000,USD,115000,AE,0,AE,L,0,MID,On-site,Large,Data Science,100K-150K
2020,EX,FT,DIRECTOR OF DATA SCIENCE,325000,USD,325000,US,100,US,L,0,EXECUTIVE,Remote,Large,Data Science,200K+
2020,EN,FT,RESEARCH SCIENTIST,42000,USD,42000,NL,50,NL,L,0,JUNIOR,Hybrid,Large,Research,<50K
2020,SE,FT,DATA ENGINEER,720000,MXN,33511,MX,0,MX,S,0,SENIOR,On-site,Small,Data Engineering,<50K
2020,EN,CT,BUSINESS DATA ANALYST,100000,USD,100000,US,100,US,L,0,JUNIOR,Remote,Large,Data Analytics,100K-150K
2020,SE,FT,MACHINE LEARNING MANAGER,157000,CAD,117104,CA,50,CA,L,0,SENIOR,Hybrid,Large,Machine Learning,100K-150K
2020,MI,FT,DATA ENGINEERING MANAGER,51999,EUR,59303,DE,100,DE,S,0,MID,Remote,Small,Data Engineering,50K-100K
2020,EN,FT,BIG DATA ENGINEER,70000,USD,70000,US,100,US,L,0,JUNIOR,Remote,Large,Data Engineering,50K-100K
2020,SE,FT,DATA SCIENTIST,60000,EUR,68428,GR,100,US,L,0,SENIOR,Remote,Large,Data Science,50K-100K
2020,MI,FT,RESEARCH SCIENTIST,450000,USD,450000,US,0,US,M,1,MID,On-site,Medium,Research,200K+
2020,MI,FT,DATA ANALYST,41000,EUR,46759,FR,50,FR,L,0,MID,Hybrid,Large,Data Analytics,<50K
2020,MI,FT,DATA ENGINEER,65000,EUR,74130,AT,50,AT,L,0,MID,Hybrid,Large,Data Engineering,50K-100K
2020,MI,FT,DATA SCIENCE CONSULTANT,103000,USD,103000,US,100,US,L,0,MID,Remote,Large,Data Science,100K-150K
2020,EN,FT,MACHINE LEARNING ENGINEER,250000,USD,250000,US,50,US,L,0,JUNIOR,Hybrid,Large,Machine Learning,200K+
2020,EN,FT,DATA ANALYST,10000,USD,10000,NG,100,NG,S,0,JUNIOR,Remote,Small,Data Analytics,<50K
2020,EN,FT,MACHINE LEARNING ENGINEER,138000,USD,138000,US,100,US,S,0,JUNIOR,Remote,Small,Machine Learning,100K-150K
2020,MI,FT,DATA SCIENTIST,45760,USD,45760,PH,100,US,S,0,MID,Remote,Small,Data Science,<50K
2020,EX,FT,DATA ENGINEERING MANAGER,70000,EUR,79833,ES,50,ES,L,0,EXECUTIVE,Hybrid,Large,Data Engineering,50K-100K
2020,MI,FT,MACHINE LEARNING INFRASTRUCTURE ENGINEER,44000,EUR,50180,PT,0,PT,M,0,MID,On-site,Medium,Machine Learning,50K-100K
2020,MI,FT,DATA ENGINEER,106000,USD,106000,US,100,US,L,0,MID,Remote,Large,Data Engineering,100K-150K
2020,MI,FT,DATA ENGINEER,88000,GBP,112872,GB,50,GB,L,0,MID,Hybrid,Large,Data Engineering,100K-150K
2020,EN,PT,ML ENGINEER,14000,EUR,15966,DE,100,DE,S,0,JUNIOR,Remote,Small,Machine Learning,<50K
2020,MI,FT,DATA SCIENTIST,60000,GBP,76958,GB,100,GB,S,0,MID,Remote,Small,Data Science,50K-100K
2020,SE,FT,DATA ENGINEER,188000,USD,188000,US,100,US,L,0,SENIOR,Remote,Large,Data Engineering,150K-200K
2020,MI,FT,DATA SCIENTIST,105000,USD,105000,US,100,US,L,0,MID,Remote,Large,Data Science,100K-150K
2020,MI,FT,DATA ENGINEER,61500,EUR,70139,FR,50,FR,L,0,MID,Hybrid,Large,Data Engineering,50K-100K
2020,EN,FT,DATA ANALYST,450000,INR,6072,IN,0,IN,S,0,JUNIOR,On-site,Small,Data Analytics,<50K
2020,EN,FT,DATA ANALYST,91000,USD,91000,US,100,US,L,0,JUNIOR,Remote,Large,Data Analytics,50K-100K
2020,EN,FT,AI SCIENTIST,300000,DKK,45896,DK,50,DK,S,0,JUNIOR,Hybrid,Small,AI/ML,<50K
2020,EN,FT,DATA ENGINEER,48000,EUR,54742,PK,100,DE,L,0,JUNIOR,Remote,Large,Data Engineering,50K-100K
2020,SE,FL,COMPUTER VISION ENGINEER,60000,USD,60000,RU,100,US,S,0,SENIOR,Remote,Small,Other,50K-100K
2020,SE,FT,PRINCIPAL DATA SCIENTIST,130000,EUR,148261,DE,100,DE,M,0,SENIOR,Remote,Medium,Data Science,100K-150K
2020,MI,FT,DATA SCIENTIST,34000,EUR,38776,ES,100,ES,M,0,MID,Remote,Medium,Data Science,<50K
2020,MI,FT,DATA SCIENTIST,118000,USD,118000,US,100,US,M,0,MID,Remote,Medium,Data Science,100K-150K
2020,SE,FT,DATA SCIENTIST,120000,USD,120000,US,50,US,L,0,SENIOR,Hybrid,Large,Data Science,100K-150K
2020,MI,FT,DATA SCIENTIST,138350,USD,138350,US,100,US,M,0,MID,Remote,Medium,Data Science,100K-150K
2020,MI,FT,DATA ENGINEER,110000,USD,110000,US,100,US,L,0,MID,Remote,Large,Data Engineering,100K-150K
2020,MI,FT,DATA ENGINEER,130800,USD,130800,ES,100,US,M,0,MID,Remote,Medium,Data Engineering,100K-150K
2020,EN,PT,DATA SCIENTIST,19000,EUR,21669,IT,50,IT,S,0,JUNIOR,Hybrid,Small,Data Science,<50K
2020,SE,FT,DATA SCIENTIST,412000,USD,412000,US,100,US,L,1,SENIOR,Remote,Large,Data Science,200K+
2020,SE,FT,MACHINE LEARNING ENGINEER,40000,EUR,45618,HR,100,HR,S,0,SENIOR,Remote,Small,Machine Learning,<50K
2020,EN,FT,DATA SCIENTIST,55000,EUR,62726,DE,50,DE,S,0,JUNIOR,Hybrid,Small,Data Science,50K-100K
2020,EN,FT,DATA SCIENTIST,43200,EUR,49268,DE,0,DE,S,0,JUNIOR,On-site,Small,Data Science,<50K
2020,SE,FT,DATA SCIENCE MANAGER,190200,USD,190200,US,100,US,M,0,SENIOR,Remote,Medium,Data Science,150K-200K
2020,EN,FT,DATA SCIENTIST,105000,USD,105000,US,100,US,S,0,JUNIOR,Remote,Small,Data Science,100K-150K
2020,SE,FT,DATA SCIENTIST,80000,EUR,91237,AT,0,AT,S,0,SENIOR,On-site,Small,Data Science,50K-100K
2020,MI,FT,DATA SCIENTIST,55000,EUR,62726,FR,50,LU,S,0,MID,Hybrid,Small,Data Science,50K-100K
2020,MI,FT,DATA SCIENTIST,37000,EUR,42197,FR,50,FR,S,0,MID,Hybrid,Small,Data Science,<50K
2021,EN,FT,RESEARCH SCIENTIST,60000,GBP,82528,GB,50,GB,L,0,JUNIOR,Hybrid,Large,Research,50K-100K
2021,EX,FT,BI DATA ANALYST,150000,USD,150000,IN,100,US,L,0,EXECUTIVE,Remote,Large,Data Analytics,150K-200K
2021,EX,FT,HEAD OF DATA,235000,USD,235000,US,100,US,L,0,EXECUTIVE,Remote,Large,Management,200K+
2021,SE,FT,DATA SCIENTIST,45000,EUR,53192,FR,50,FR,L,0,SENIOR,Hybrid,Large,Data Science,50K-100K
2021,MI,FT,BI DATA ANALYST,100000,USD,100000,US,100,US,M,0,MID,Remote,Medium,Data Analytics,100K-150K
2021,MI,PT,3D COMPUTER VISION RESEARCHER,400000,INR,5409,IN,50,IN,M,0,MID,Hybrid,Medium,Research,<50K
2021,MI,CT,ML ENGINEER,270000,USD,270000,US,100,US,L,0,MID,Remote,Large,Machine Learning,200K+
2021,EN,FT,DATA ANALYST,80000,USD,80000,US,100,US,M,0,JUNIOR,Remote,Medium,Data Analytics,50K-100K
2021,SE,FT,DATA ANALYTICS ENGINEER,67000,EUR,79197,DE,100,DE,L,0,SENIOR,Remote,Large,Other,50K-100K
2021,MI,FT,DATA ENGINEER,140000,USD,140000,US,100,US,L,0,MID,Remote,Large,Data Engineering,100K-150K
2021,MI,FT,APPLIED DATA SCIENTIST,68000,CAD,54238,GB,50,CA,L,0,MID,Hybrid,Large,Data Science,50K-100K
2021,MI,FT,MACHINE LEARNING ENGINEER,40000,EUR,47282,ES,100,ES,S,0,MID,Remote,Small,Machine Learning,<50K
2021,EX,FT,DIRECTOR OF DATA SCIENCE,130000,EUR,153667,IT,100,PL,L,0,EXECUTIVE,Remote,Large,Data Science,150K-200K
2021,MI,FT,DATA ENGINEER,110000,PLN,28476,PL,100,PL,L,0,MID,Remote,Large,Data Engineering,<50K
2021,EN,FT,DATA ANALYST,50000,EUR,59102,FR,50,FR,M,0,JUNIOR,Hybrid,Medium,Data Analytics,50K-100K
2021,MI,FT,DATA ANALYTICS ENGINEER,110000,USD,110000,US,100,US,L,0,MID,Remote,Large,Other,100K-150K
2021,SE,FT,LEAD DATA ANALYST,170000,USD,170000,US,100,US,L,0,SENIOR,Remote,Large,Data Analytics,150K-200K
2021,SE,FT,DATA ANALYST,80000,USD,80000,BG,100,US,S,0,SENIOR,Remote,Small,Data Analytics,50K-100K
2021,SE,FT,MARKETING DATA ANALYST,75000,EUR,88654,GR,100,DK,L,0,SENIOR,Remote,Large,Data Analytics,50K-100K
2021,EN,FT,DATA SCIENCE CONSULTANT,65000,EUR,76833,DE,100,DE,S,0,JUNIOR,Remote,Small,Data Science,50K-100K
2021,MI,FT,LEAD DATA ANALYST,1450000,INR,19609,IN,100,IN,L,0,MID,Remote,Large,Data Analytics,<50K
2021,SE,FT,LEAD DATA ENGINEER,276000,USD,276000,US,0,US,L,0,SENIOR,On-site,Large,Data Engineering,200K+
2021,EN,FT,DATA SCIENTIST,2200000,INR,29751,IN,50,IN,L,0,JUNIOR,Hybrid,Large,Data Science,<50K
2021,MI,FT,CLOUD DATA ENGINEER,120000,SGD,89294,SG,50,SG,L,0,MID,Hybrid,Large,Data Engineering,50K-100K
2021,EN,PT,AI SCIENTIST,12000,USD,12000,BR,100,US,S,0,JUNIOR,Remote,Small,AI/ML,<50K
2021,MI,FT,FINANCIAL DATA ANALYST,450000,USD,450000,US,100,US,L,1,MID,Remote,Large,Data Analytics,200K+
2021,EN,FT,COMPUTER VISION SOFTWARE ENGINEER,70000,USD,70000,US,100,US,M,0,JUNIOR,Remote,Medium,Other,50K-100K
2021,MI,FT,COMPUTER VISION SOFTWARE ENGINEER,81000,EUR,95746,DE,100,US,S,0,MID,Remote,Small,Other,50K-100K
2021,MI,FT,DATA ANALYST,75000,USD,75000,US,0,US,L,0,MID,On-site,Large,Data Analytics,50K-100K
2021,SE,FT,DATA ENGINEER,150000,USD,150000,US,100,US,L,0,SENIOR,Remote,Large,Data Engineering,150K-200K
2021,MI,FT,BI DATA ANALYST,11000000,HUF,36259,HU,50,US,L,0,MID,Hybrid,Large,Data Analytics,<50K
2021,MI,FT,DATA ANALYST,62000,USD,62000,US,0,US,L,0,MID,On-site,Large,Data Analytics,50K-100K
2021,MI,FT,DATA SCIENTIST,73000,USD,73000,US,0,US,L,0,MID,On-site,Large,Data Science,50K-100K
2021,MI,FT,DATA ANALYST,37456,GBP,51519,GB,50,GB,L,0,MID,Hybrid,Large,Data Analytics,50K-100K
2021,MI,FT,RESEARCH SCIENTIST,235000,CAD,187442,CA,100,CA,L,0,MID,Remote,Large,Research,150K-200K
2021,SE,FT,DATA ENGINEER,115000,USD,115000,US,100,US,S,0,SENIOR,Remote,Small,Data Engineering,100K-150K
2021,SE,FT,DATA ENGINEER,150000,USD,150000,US,100,US,M,0,SENIOR,Remote,Medium,Data Engineering,150K-200K
2021,EN,FT,DATA ENGINEER,2250000,INR,30428,IN,100,IN,L,0,JUNIOR,Remote,Large,Data Engineering,<50K
2021,SE,FT,MACHINE LEARNING ENGINEER,80000,EUR,94564,DE,50,DE,L,0,SENIOR,Hybrid,Large,Machine Learning,50K-100K
2021,SE,FT,DIRECTOR OF DATA ENGINEERING,82500,GBP,113476,GB,100,GB,M,0,SENIOR,Remote,Medium,Data Engineering,100K-150K
2021,SE,FT,LEAD DATA ENGINEER,75000,GBP,103160,GB,100,GB,S,0,SENIOR,Remote,Small,Data Engineering,100K-150K
2021,EN,PT,AI SCIENTIST,12000,USD,12000,PK,100,US,M,0,JUNIOR,Remote,Medium,AI/ML,<50K
2021,MI,FT,DATA ENGINEER,38400,EUR,45391,NL,100,NL,L,0,MID,Remote,Large,Data Engineering,<50K
2021,EN,FT,MACHINE LEARNING SCIENTIST,225000,USD,225000,US,100,US,L,0,JUNIOR,Remote,Large,Machine Learning,200K+
2021,MI,FT,DATA SCIENTIST,50000,USD,50000,NG,100,NG,L,0,MID,Remote,Large,Data Science,50K-100K
2021,MI,FT,DATA SCIENCE ENGINEER,34000,EUR,40189,GR,100,GR,M,0,MID,Remote,Medium,Data Science,<50K
2021,EN,FT,DATA ANALYST,90000,USD,90000,US,100,US,S,0,JUNIOR,Remote,Small,Data Analytics,50K-100K
2021,MI,FT,DATA ENGINEER,200000,USD,200000,US,100,US,L,0,MID,Remote,Large,Data Engineering,200K+
2021,MI,FT,BIG DATA ENGINEER,60000,USD,60000,ES,50,RO,M,0,MID,Hybrid,Medium,Data Engineering,50K-100K
2021,SE,FT,PRINCIPAL DATA ENGINEER,200000,USD,200000,US,100,US,M,0,SENIOR,Remote,Medium,Data Engineering,200K+
2021,EN,FT,DATA ANALYST,50000,USD,50000,US,100,US,M,0,JUNIOR,Remote,Medium,Data Analytics,50K-100K
2021,EN,FT,APPLIED DATA SCIENTIST,80000,GBP,110037,GB,0,GB,L,0,JUNIOR,On-site,Large,Data Science,100K-150K
2021,EN,PT,DATA ANALYST,8760,EUR,10354,ES,50,ES,M,0,JUNIOR,Hybrid,Medium,Data Analytics,<50K
2021,MI,FT,PRINCIPAL DATA SCIENTIST,151000,USD,151000,US,100,US,L,0,MID,Remote,Large,Data Science,150K-200K
2021,SE,FT,MACHINE LEARNING SCIENTIST,120000,USD,120000,US,50,US,S,0,SENIOR,Hybrid,Small,Machine Learning,100K-150K
2021,MI,FT,DATA SCIENTIST,700000,INR,9466,IN,0,IN,S,0,MID,On-site,Small,Data Science,<50K
2021,EN,FT,MACHINE LEARNING ENGINEER,20000,USD,20000,IN,100,IN,S,0,JUNIOR,Remote,Small,Machine Learning,<50K
2021,SE,FT,LEAD DATA SCIENTIST,3000000,INR,40570,IN,50,IN,L,0,SENIOR,Hybrid,Large,Data Science,<50K
2021,EN,FT,MACHINE LEARNING DEVELOPER,100000,USD,100000,IQ,50,IQ,S,0,JUNIOR,Hybrid,Small,Machine Learning,100K-150K
2021,EN,FT,DATA SCIENTIST,42000,EUR,49646,FR,50,FR,M,0,JUNIOR,Hybrid,Medium,Data Science,<50K
2021,MI,FT,APPLIED MACHINE LEARNING SCIENTIST,38400,USD,38400,VN,100,US,M,0,MID,Remote,Medium,Machine Learning,<50K
2021,SE,FT,COMPUTER VISION ENGINEER,24000,USD,24000,BR,100,BR,M,0,SENIOR,Remote,Medium,Other,<50K
2021,EN,FT,DATA SCIENTIST,100000,USD,100000,US,0,US,S,0,JUNIOR,On-site,Small,Data Science,100K-150K
2021,MI,FT,DATA ANALYST,90000,USD,90000,US,100,US,M,0,MID,Remote,Medium,Data Analytics,50K-100K
2021,MI,FT,ML ENGINEER,7000000,JPY,63711,JP,50,JP,S,0,MID,Hybrid,Small,Machine Learning,50K-100K
2021,MI,FT,ML ENGINEER,8500000,JPY,77364,JP,50,JP,S,0,MID,Hybrid,Small,Machine Learning,50K-100K
2021,SE,FT,PRINCIPAL DATA SCIENTIST,220000,USD,220000,US,0,US,L,0,SENIOR,On-site,Large,Data Science,200K+
2021,EN,FT,DATA SCIENTIST,80000,USD,80000,US,100,US,M,0,JUNIOR,Remote,Medium,Data Science,50K-100K
2021,MI,FT,DATA ANALYST,135000,USD,135000,US,100,US,L,0,MID,Remote,Large,Data Analytics,100K-150K
2021,SE,FT,DATA SCIENCE MANAGER,240000,USD,240000,US,0,US,L,0,SENIOR,On-site,Large,Data Science,200K+
2021,SE,FT,DATA ENGINEERING MANAGER,150000,USD,150000,US,0,US,L,0,SENIOR,On-site,Large,Data Engineering,150K-200K
2021,MI,FT,DATA SCIENTIST,82500,USD,82500,US,100,US,S,0,MID,Remote,Small,Data Science,50K-100K
2021,MI,FT,DATA ENGINEER,100000,USD,100000,US,100,US,L,0,MID,Remote,Large,Data Engineering,100K-150K
2021,SE,FT,MACHINE LEARNING ENGINEER,70000,EUR,82744,BE,50,BE,M,0,SENIOR,Hybrid,Medium,Machine Learning,50K-100K
2021,MI,FT,RESEARCH SCIENTIST,53000,EUR,62649,FR,50,FR,M,0,MID,Hybrid,Medium,Research,50K-100K
2021,MI,FT,DATA ENGINEER,90000,USD,90000,US,100,US,L,0,MID,Remote,Large,Data Engineering,50K-100K
2021,SE,FT,DATA ENGINEERING MANAGER,153000,USD,153000,US,100,US,L,0,SENIOR,Remote,Large,Data Engineering,150K-200K
2021,SE,FT,CLOUD DATA ENGINEER,160000,USD,160000,BR,100,US,S,0,SENIOR,Remote,Small,Data Engineering,150K-200K
2021,SE,FT,DIRECTOR OF DATA SCIENCE,168000,USD,168000,JP,0,JP,S,0,SENIOR,On-site,Small,Data Science,150K-200K
2021,MI,FT,DATA SCIENTIST,150000,USD,150000,US,100,US,M,0,MID,Remote,Medium,Data Science,150K-200K
2021,MI,FT,DATA SCIENTIST,95000,CAD,75774,CA,100,CA,L,0,MID,Remote,Large,Data Science,50K-100K
2021,EN,FT,DATA SCIENTIST,13400,USD,13400,UA,100,UA,L,0,JUNIOR,Remote,Large,Data Science,<50K
2021,SE,FT,DATA SCIENCE MANAGER,144000,USD,144000,US,100,US,L,0,SENIOR,Remote,Large,Data Science,100K-150K
2021,SE,FT,DATA SCIENCE ENGINEER,159500,CAD,127221,CA,50,CA,L,0,SENIOR,Hybrid,Large,Data Science,100K-150K
2021,MI,FT,DATA SCIENTIST,160000,SGD,119059,SG,100,IL,M,0,MID,Remote,Medium,Data Science,100K-150K
2021,MI,FT,APPLIED MACHINE LEARNING SCIENTIST,423000,USD,423000,US,50,US,L,1,MID,Hybrid,Large,Machine Learning,200K+
2021,SE,FT,DATA ANALYTICS MANAGER,120000,USD,120000,US,100,US,M,0,SENIOR,Remote,Medium,Management,100K-150K
2021,EN,FT,MACHINE LEARNING ENGINEER,125000,USD,125000,US,100,US,S,0,JUNIOR,Remote,Small,Machine Learning,100K-150K
2021,EX,FT,HEAD OF DATA,230000,USD,230000,RU,50,RU,L,0,EXECUTIVE,Hybrid,Large,Management,200K+
2021,EX,FT,HEAD OF DATA SCIENCE,85000,USD,85000,RU,0,RU,M,0,EXECUTIVE,On-site,Medium,Data Science,50K-100K
2021,MI,FT,DATA ENGINEER,24000,EUR,28369,MT,50,MT,L,0,MID,Hybrid,Large,Data Engineering,<50K
2021,EN,FT,DATA SCIENCE CONSULTANT,54000,EUR,63831,DE,50,DE,L,0,JUNIOR,Hybrid,Large,Data Science,50K-100K
2021,EX,FT,DIRECTOR OF DATA SCIENCE,110000,EUR,130026,DE,50,DE,M,0,EXECUTIVE,Hybrid,Medium,Data Science,100K-150K
2021,SE,FT,DATA SPECIALIST,165000,USD,165000,US,100,US,L,0,SENIOR,Remote,Large,Other,150K-200K
2021,EN,FT,DATA ENGINEER,80000,USD,80000,US,100,US,L,0,JUNIOR,Remote,Large,Data Engineering,50K-100K
2021,EX,FT,DIRECTOR OF DATA SCIENCE,250000,USD,250000,US,0,US,L,0,EXECUTIVE,On-site,Large,Data Science,200K+
2021,EN,FT,BI DATA ANALYST,55000,USD,55000,US,50,US,S,0,JUNIOR,Hybrid,Small,Data Analytics,50K-100K
2021,MI,FT,DATA ARCHITECT,150000,USD,150000,US,100,US,L,0,MID,Remote,Large,Other,150K-200K
2021,MI,FT,DATA ARCHITECT,170000,USD,170000,US,100,US,L,0,MID,Remote,Large,Other,150K-200K
2021,MI,FT,DATA ENGINEER,60000,GBP,82528,GB,100,GB,L,0,MID,Remote,Large,Data Engineering,50K-100K
2021,EN,FT,DATA ANALYST,60000,USD,60000,US,100,US,S,0,JUNIOR,Remote,Small,Data Analytics,50K-100K
2021,SE,FT,PRINCIPAL DATA SCIENTIST,235000,USD,235000,US,100,US,L,0,SENIOR,Remote,Large,Data Science,200K+
2021,SE,FT,RESEARCH SCIENTIST,51400,EUR,60757,PT,50,PT,L,0,SENIOR,Hybrid,Large,Research,50K-100K
2021,SE,FT,DATA ENGINEERING MANAGER,174000,USD,174000,US,100,US,L,0,SENIOR,Remote,Large,Data Engineering,150K-200K
2021,MI,FT,DATA SCIENTIST,58000,MXN,2859,MX,0,MX,S,0,MID,On-site,Small,Data Science,<50K
2021,MI,FT,DATA SCIENTIST,30400000,CLP,40038,CL,100,CL,L,0,MID,Remote,Large,Data Science,<50K
2021,EN,FT,MACHINE LEARNING ENGINEER,81000,USD,81000,US,50,US,S,0,JUNIOR,Hybrid,Small,Machine Learning,50K-100K
2021,MI,FT,DATA SCIENTIST,420000,INR,5679,IN,100,US,S,0,MID,Remote,Small,Data Science,<50K
2021,MI,FT,BIG DATA ENGINEER,1672000,INR,22611,IN,0,IN,L,0,MID,On-site,Large,Data Engineering,<50K
2021,MI,FT,DATA SCIENTIST,76760,EUR,90734,DE,50,DE,L,0,MID,Hybrid,Large,Data Science,50K-100K
2021,MI,FT,DATA ENGINEER,22000,EUR,26005,RO,0,US,L,0,MID,On-site,Large,Data Engineering,<50K
2021,SE,FT,FINANCE DATA ANALYST,45000,GBP,61896,GB,50,GB,L,0,SENIOR,Hybrid,Large,Data Analytics,50K-100K
2021,MI,FL,MACHINE LEARNING SCIENTIST,12000,USD,12000,PK,50,PK,M,0,MID,Hybrid,Medium,Machine Learning,<50K
2021,MI,FT,DATA ENGINEER,4000,USD,4000,IR,100,IR,M,0,MID,Remote,Medium,Data Engineering,<50K
2021,SE,FT,DATA ANALYTICS ENGINEER,50000,USD,50000,VN,100,GB,M,0,SENIOR,Remote,Medium,Other,50K-100K
2021,EX,FT,DATA SCIENCE CONSULTANT,59000,EUR,69741,FR,100,ES,S,0,EXECUTIVE,Remote,Small,Data Science,50K-100K
2021,SE,FT,DATA ENGINEER,65000,EUR,76833,RO,50,GB,S,0,SENIOR,Hybrid,Small,Data Engineering,50K-100K
2021,MI,FT,MACHINE LEARNING ENGINEER,74000,USD,74000,JP,50,JP,S,0,MID,Hybrid,Small,Machine Learning,50K-100K
2021,SE,FT,DATA SCIENCE MANAGER,152000,USD,152000,US,100,FR,L,0,SENIOR,Remote,Large,Data Science,150K-200K
2021,EN,FT,MACHINE LEARNING ENGINEER,21844,USD,21844,CO,50,CO,M,0,JUNIOR,Hybrid,Medium,Machine Learning,<50K
2021,MI,FT,BIG DATA ENGINEER,18000,USD,18000,MD,0,MD,S,0,MID,On-site,Small,Data Engineering,<50K
2021,SE,FT,DATA SCIENCE MANAGER,174000,USD,174000,US,100,US,L,0,SENIOR,Remote,Large,Data Science,150K-200K
2021,SE,FT,RESEARCH SCIENTIST,120500,CAD,96113,CA,50,CA,L,0,SENIOR,Hybrid,Large,Research,50K-100K
2021,MI,FT,DATA SCIENTIST,147000,USD,147000,US,50,US,L,0,MID,Hybrid,Large,Data Science,100K-150K
2021,EN,FT,BI DATA ANALYST,9272,USD,9272,KE,100,KE,S,0,JUNIOR,Remote,Small,Data Analytics,<50K
2021,SE,FT,MACHINE LEARNING ENGINEER,1799997,INR,24342,IN,100,IN,L,0,SENIOR,Remote,Large,Machine Learning,<50K
2021,SE,FT,DATA SCIENCE MANAGER,4000000,INR,54094,IN,50,US,L,0,SENIOR,Hybrid,Large,Data Science,50K-100K
2021,EN,FT,DATA SCIENCE CONSULTANT,90000,USD,90000,US,100,US,S,0,JUNIOR,Remote,Small,Data Science,50K-100K
2021,MI,FT,DATA SCIENTIST,52000,EUR,61467,DE,50,AT,M,0,MID,Hybrid,Medium,Data Science,50K-100K
2021,SE,FT,MACHINE LEARNING INFRASTRUCTURE ENGINEER,195000,USD,195000,US,100,US,M,0,SENIOR,Remote,Medium,Machine Learning,150K-200K
2021,MI,FT,DATA SCIENTIST,32000,EUR,37825,ES,100,ES,L,0,MID,Remote,Large,Data Science,<50K
2021,SE,FT,RESEARCH SCIENTIST,50000,USD,50000,FR,100,US,S,0,SENIOR,Remote,Small,Research,50K-100K
2021,MI,FT,DATA SCIENTIST,160000,USD,160000,US,100,US,L,0,MID,Remote,Large,Data Science,150K-200K
2021,MI,FT,DATA SCIENTIST,69600,BRL,12901,BR,0,BR,S,0,MID,On-site,Small,Data Science,<50K
2021,SE,FT,MACHINE LEARNING ENGINEER,200000,USD,200000,US,100,US,L,0,SENIOR,Remote,Large,Machine Learning,200K+
2021,SE,FT,DATA ENGINEER,165000,USD,165000,US,0,US,M,0,SENIOR,On-site,Medium,Data Engineering,150K-200K
2021,MI,FL,DATA ENGINEER,20000,USD,20000,IT,0,US,L,0,MID,On-site,Large,Data Engineering,<50K
2021,SE,FT,DATA ANALYTICS MANAGER,120000,USD,120000,US,0,US,L,0,SENIOR,On-site,Large,Management,100K-150K
2021,MI,FT,MACHINE LEARNING ENGINEER,21000,EUR,24823,SI,50,SI,L,0,MID,Hybrid,Large,Machine Learning,<50K
2021,MI,FT,RESEARCH SCIENTIST,48000,EUR,56738,FR,50,FR,S,0,MID,Hybrid,Small,Research,50K-100K
2021,MI,FT,DATA ENGINEER,48000,GBP,66022,HK,50,GB,S,0,MID,Hybrid,Small,Data Engineering,50K-100K
2021,EN,FT,BIG DATA ENGINEER,435000,INR,5882,IN,0,CH,L,0,JUNIOR,On-site,Large,Data Engineering,<50K
2021,EN,FT,MACHINE LEARNING ENGINEER,21000,EUR,24823,DE,50,DE,M,0,JUNIOR,Hybrid,Medium,Machine Learning,<50K
2021,SE,FT,PRINCIPAL DATA ENGINEER,185000,USD,185000,US,100,US,L,0,SENIOR,Remote,Large,Data Engineering,150K-200K
2021,EN,PT,COMPUTER VISION ENGINEER,180000,DKK,28609,DK,50,DK,S,0,JUNIOR,Hybrid,Small,Other,<50K
2021,MI,FT,DATA SCIENTIST,76760,EUR,90734,DE,50,DE,L,0,MID,Hybrid,Large,Data Science,50K-100K
2021,MI,FT,MACHINE LEARNING ENGINEER,75000,EUR,88654,BE,100,BE,M,0,MID,Remote,Medium,Machine Learning,50K-100K
2021,SE,FT,DATA ANALYTICS MANAGER,140000,USD,140000,US,100,US,L,0,SENIOR,Remote,Large,Management,100K-150K
2021,MI,FT,MACHINE LEARNING ENGINEER,180000,PLN,46597,PL,100,PL,L,0,MID,Remote,Large,Machine Learning,<50K
2021,MI,FT,DATA SCIENTIST,85000,GBP,116914,GB,50,GB,L,0,MID,Hybrid,Large,Data Science,100K-150K
2021,MI,FT,DATA SCIENTIST,2500000,INR,33808,IN,0,IN,M,0,MID,On-site,Medium,Data Science,<50K
2021,MI,FT,DATA SCIENTIST,40900,GBP,56256,GB,50,GB,L,0,MID,Hybrid,Large,Data Science,50K-100K
2021,SE,FT,MACHINE LEARNING SCIENTIST,225000,USD,225000,US,100,CA,L,0,SENIOR,Remote,Large,Machine Learning,200K+
2021,EX,CT,PRINCIPAL DATA SCIENTIST,416000,USD,416000,US,100,US,S,1,EXECUTIVE,Remote,Small,Data Science,200K+
2021,SE,FT,DATA SCIENTIST,110000,CAD,87738,CA,100,CA,S,0,SENIOR,Remote,Small,Data Science,50K-100K
2021,MI,FT,DATA SCIENTIST,75000,EUR,88654,DE,50,DE,L,0,MID,Hybrid,Large,Data Science,50K-100K
2021,SE,FT,DATA SCIENTIST,135000,USD,135000,US,0,US,L,0,SENIOR,On-site,Large,Data Science,100K-150K
2021,SE,FT,DATA ANALYST,90000,CAD,71786,CA,100,CA,M,0,SENIOR,Remote,Medium,Data Analytics,50K-100K
2021,EN,FT,BIG DATA ENGINEER,1200000,INR,16228,IN,100,IN,L,0,JUNIOR,Remote,Large,Data Engineering,<50K
2021,SE,FT,ML ENGINEER,256000,USD,256000,US,100,US,S,0,SENIOR,Remote,Small,Machine Learning,200K+
2021,SE,FT,DIRECTOR OF DATA ENGINEERING,200000,USD,200000,US,100,US,L,0,SENIOR,Remote,Large,Data Engineering,200K+
2021,SE,FT,DATA ANALYST,200000,USD,200000,US,100,US,L,0,SENIOR,Remote,Large,Data Analytics,200K+
2021,MI,FT,DATA ARCHITECT,180000,USD,180000,US,100,US,L,0,MID,Remote,Large,Other,150K-200K
2021,MI,FT,HEAD OF DATA SCIENCE,110000,USD,110000,US,0,US,S,0,MID,On-site,Small,Data Science,100K-150K
2021,MI,FT,RESEARCH SCIENTIST,80000,CAD,63810,CA,100,CA,M,0,MID,Remote,Medium,Research,50K-100K
2021,MI,FT,DATA SCIENTIST,39600,EUR,46809,ES,100,ES,M,0,MID,Remote,Medium,Data Science,<50K
2021,EN,FT,DATA SCIENTIST,4000,USD,4000,VN,0,VN,M,0,JUNIOR,On-site,Medium,Data Science,<50K
2021,EN,FT,DATA ENGINEER,1600000,INR,21637,IN,50,IN,M,0,JUNIOR,Hybrid,Medium,Data Engineering,<50K
2021,SE,FT,DATA SCIENTIST,130000,CAD,103691,CA,100,CA,L,0,SENIOR,Remote,Large,Data Science,100K-150K
2021,MI,FT,DATA ANALYST,80000,USD,80000,US,100,US,L,0,MID,Remote,Large,Data Analytics,50K-100K
2021,MI,FT,DATA ENGINEER,110000,USD,110000,US,100,US,L,0,MID,Remote,Large,Data Engineering,100K-150K
2021,SE,FT,DATA SCIENTIST,165000,USD,165000,US,100,US,L,0,SENIOR,Remote,Large,Data Science,150K-200K
2021,EN,FT,AI SCIENTIST,1335000,INR,18053,IN,100,AS,S,0,JUNIOR,Remote,Small,AI/ML,<50K
2021,MI,FT,DATA ENGINEER,52500,GBP,72212,GB,50,GB,L,0,MID,Hybrid,Large,Data Engineering,50K-100K
2021,EN,FT,DATA SCIENTIST,31000,EUR,36643,FR,50,FR,L,0,JUNIOR,Hybrid,Large,Data Science,<50K
2021,MI,FT,DATA ENGINEER,108000,TRY,12103,TR,0,TR,M,0,MID,On-site,Medium,Data Engineering,<50K
2021,SE,FT,DATA ENGINEER,70000,GBP,96282,GB,50,GB,L,0,SENIOR,Hybrid,Large,Data Engineering,50K-100K
2021,SE,FT,PRINCIPAL DATA ANALYST,170000,USD,170000,US,100,US,M,0,SENIOR,Remote,Medium,Data Analytics,150K-200K
2021,MI,FT,DATA SCIENTIST,115000,USD,115000,US,50,US,L,0,MID,Hybrid,Large,Data Science,100K-150K
2021,EN,FT,DATA SCIENTIST,90000,USD,90000,US,100,US,S,0,JUNIOR,Remote,Small,Data Science,50K-100K
2021,EX,FT,PRINCIPAL DATA ENGINEER,600000,USD,600000,US,100,US,L,1,EXECUTIVE,Remote,Large,Data Engineering,200K+
2021,EN,FT,DATA SCIENTIST,2100000,INR,28399,IN,100,IN,M,0,JUNIOR,Remote,Medium,Data Science,<50K
2021,MI,FT,DATA ANALYST,93000,USD,93000,US,100,US,L,0,MID,Remote,Large,Data Analytics,50K-100K
2021,SE,FT,BIG DATA ARCHITECT,125000,CAD,99703,CA,50,CA,M,0,SENIOR,Hybrid,Medium,Other,50K-100K
2021,MI,FT,DATA ENGINEER,200000,USD,200000,US,100,US,L,0,MID,Remote,Large,Data Engineering,200K+
2021,SE,FT,PRINCIPAL DATA SCIENTIST,147000,EUR,173762,DE,100,DE,M,0,SENIOR,Remote,Medium,Data Science,150K-200K
2021,SE,FT,MACHINE LEARNING ENGINEER,185000,USD,185000,US,50,US,L,0,SENIOR,Hybrid,Large,Machine Learning,150K-200K
2021,EX,FT,DIRECTOR OF DATA SCIENCE,120000,EUR,141846,DE,0,DE,L,0,EXECUTIVE,On-site,Large,Data Science,100K-150K
2021,MI,FT,DATA SCIENTIST,130000,USD,130000,US,50,US,L,0,MID,Hybrid,Large,Data Science,100K-150K
2021,SE,FT,DATA ANALYST,54000,EUR,63831,DE,50,DE,L,0,SENIOR,Hybrid,Large,Data Analytics,50K-100K
2021,MI,FT,DATA SCIENTIST,1250000,INR,16904,IN,100,IN,S,0,MID,Remote,Small,Data Science,<50K
2021,SE,FT,MACHINE LEARNING ENGINEER,4900000,INR,66265,IN,0,IN,L,0,SENIOR,On-site,Large,Machine Learning,50K-100K
2021,MI,FT,DATA SCIENTIST,21600,EUR,25532,RS,100,DE,S,0,MID,Remote,Small,Data Science,<50K
2021,SE,FT,LEAD DATA ENGINEER,160000,USD,160000,PR,50,US,S,0,SENIOR,Hybrid,Small,Data Engineering,150K-200K
2021,MI,FT,DATA ENGINEER,93150,USD,93150,US,0,US,M,0,MID,On-site,Medium,Data Engineering,50K-100K
2021,MI,FT,DATA ENGINEER,111775,USD,111775,US,0,US,M,0,MID,On-site,Medium,Data Engineering,100K-150K
2021,MI,FT,DATA ENGINEER,250000,TRY,28016,TR,100,TR,M,0,MID,Remote,Medium,Data Engineering,<50K
2021,EN,FT,DATA ENGINEER,55000,EUR,65013,DE,50,DE,M,0,JUNIOR,Hybrid,Medium,Data Engineering,50K-100K
2021,EN,FT,DATA ENGINEER,72500,USD,72500,US,100,US,L,0,JUNIOR,Remote,Large,Data Engineering,50K-100K
2021,SE,FT,COMPUTER VISION ENGINEER,102000,BRL,18907,BR,0,BR,M,0,SENIOR,On-site,Medium,Other,<50K
2021,EN,FT,DATA SCIENCE CONSULTANT,65000,EUR,76833,DE,0,DE,L,0,JUNIOR,On-site,Large,Data Science,50K-100K
2021,EN,FT,MACHINE LEARNING ENGINEER,85000,USD,85000,NL,100,DE,S,0,JUNIOR,Remote,Small,Machine Learning,50K-100K
2021,SE,FT,DATA SCIENTIST,65720,EUR,77684,FR,50,FR,M,0,SENIOR,Hybrid,Medium,Data Science,50K-100K
2021,EN,FT,DATA SCIENTIST,100000,USD,100000,US,100,US,M,0,JUNIOR,Remote,Medium,Data Science,100K-150K
2021,EN,FT,DATA SCIENTIST,58000,USD,58000,US,50,US,L,0,JUNIOR,Hybrid,Large,Data Science,50K-100K
2021,SE,FT,AI SCIENTIST,55000,USD,55000,ES,100,ES,L,0,SENIOR,Remote,Large,AI/ML,50K-100K
2021,SE,FT,DATA SCIENTIST,180000,TRY,20171,TR,50,TR,L,0,SENIOR,Hybrid,Large,Data Science,<50K
2021,EN,FT,BUSINESS DATA ANALYST,50000,EUR,59102,LU,100,LU,L,0,JUNIOR,Remote,Large,Data Analytics,50K-100K
2021,MI,FT,DATA ENGINEER,112000,USD,112000,US,100,US,L,0,MID,Remote,Large,Data Engineering,100K-150K
2021,EN,FT,RESEARCH SCIENTIST,100000,USD,100000,JE,0,CN,L,0,JUNIOR,On-site,Large,Research,100K-150K
2021,MI,PT,DATA ENGINEER,59000,EUR,69741,NL,100,NL,L,0,MID,Remote,Large,Data Engineering,50K-100K
2021,SE,CT,STAFF DATA SCIENTIST,105000,USD,105000,US,100,US,M,0,SENIOR,Remote,Medium,Data Science,100K-150K
2021,MI,FT,RESEARCH SCIENTIST,69999,USD,69999,CZ,50,CZ,L,0,MID,Hybrid,Large,Research,50K-100K
2021,SE,FT,DATA SCIENCE MANAGER,7000000,INR,94665,IN,50,IN,L,0,SENIOR,Hybrid,Large,Data Science,50K-100K
2021,SE,FT,HEAD OF DATA,87000,EUR,102839,SI,100,SI,L,0,SENIOR,Remote,Large,Management,100K-150K
2021,MI,FT,DATA SCIENTIST,109000,USD,109000,US,50,US,L,0,MID,Hybrid,Large,Data Science,100K-150K
2021,MI,FT,MACHINE LEARNING ENGINEER,43200,EUR,51064,IT,50,IT,L,0,MID,Hybrid,Large,Machine Learning,50K-100K
2022,SE,FT,DATA ENGINEER,135000,USD,135000,US,100,US,M,0,SENIOR,Remote,Medium,Data Engineering,100K-150K
2022,SE,FT,DATA ANALYST,155000,USD,155000,US,100,US,M,0,SENIOR,Remote,Medium,Data Analytics,150K-200K
2022,SE,FT,DATA ANALYST,120600,USD,120600,US,100,US,M,0,SENIOR,Remote,Medium,Data Analytics,100K-150K
2022,MI,FT,DATA SCIENTIST,130000,USD,130000,US,0,US,M,0,MID,On-site,Medium,Data Science,100K-150K
2022,MI,FT,DATA SCIENTIST,90000,USD,90000,US,0,US,M,0,MID,On-site,Medium,Data Science,50K-100K
2022,MI,FT,DATA ENGINEER,170000,USD,170000,US,100,US,M,0,MID,Remote,Medium,Data Engineering,150K-200K
2022,MI,FT,DATA ENGINEER,150000,USD,150000,US,100,US,M,0,MID,Remote,Medium,Data Engineering,150K-200K
2022,SE,FT,DATA ANALYST,102100,USD,102100,US,100,US,M,0,SENIOR,Remote,Medium,Data Analytics,100K-150K
2022,SE,FT,DATA ANALYST,84900,USD,84900,US,100,US,M,0,SENIOR,Remote,Medium,Data Analytics,50K-100K
2022,SE,FT,DATA SCIENTIST,136620,USD,136620,US,100,US,M,0,SENIOR,Remote,Medium,Data Science,100K-150K
2022,SE,FT,DATA SCIENTIST,99360,USD,99360,US,100,US,M,0,SENIOR,Remote,Medium,Data Science,50K-100K
2022,SE,FT,DATA SCIENTIST,90000,GBP,117789,GB,0,GB,M,0,SENIOR,On-site,Medium,Data Science,100K-150K
2022,SE,FT,DATA SCIENTIST,80000,GBP,104702,GB,0,GB,M,0,SENIOR,On-site,Medium,Data Science,100K-150K
2022,SE,FT,DATA SCIENTIST,146000,USD,146000,US,100,US,M,0,SENIOR,Remote,Medium,Data Science,100K-150K
2022,SE,FT,DATA SCIENTIST,123000,USD,123000,US,100,US,M,0,SENIOR,Remote,Medium,Data Science,100K-150K
2022,EN,FT,DATA ENGINEER,40000,GBP,52351,GB,100,GB,M,0,JUNIOR,Remote,Medium,Data Engineering,50K-100K
2022,SE,FT,DATA ANALYST,99000,USD,99000,US,0,US,M,0,SENIOR,On-site,Medium,Data Analytics,50K-100K
2022,SE,FT,DATA ANALYST,116000,USD,116000,US,0,US,M,0,SENIOR,On-site,Medium,Data Analytics,100K-150K
2022,MI,FT,DATA ANALYST,106260,USD,106260,US,0,US,M,0,MID,On-site,Medium,Data Analytics,100K-150K
2022,MI,FT,DATA ANALYST,126500,USD,126500,US,0,US,M,0,MID,On-site,Medium,Data Analytics,100K-150K
2022,EX,FT,DATA ENGINEER,242000,USD,242000,US,100,US,M,0,EXECUTIVE,Remote,Medium,Data Engineering,200K+
2022,EX,FT,DATA ENGINEER,200000,USD,200000,US,100,US,M,0,EXECUTIVE,Remote,Medium,Data Engineering,200K+
2022,MI,FT,DATA SCIENTIST,50000,GBP,65438,GB,0,GB,M,0,MID,On-site,Medium,Data Science,50K-100K
2022,MI,FT,DATA SCIENTIST,30000,GBP,39263,GB,0,GB,M,0,MID,On-site,Medium,Data Science,<50K
2022,MI,FT,DATA ENGINEER,60000,GBP,78526,GB,0,GB,M,0,MID,On-site,Medium,Data Engineering,50K-100K
2022,MI,FT,DATA ENGINEER,40000,GBP,52351,GB,0,GB,M,0,MID,On-site,Medium,Data Engineering,50K-100K
2022,SE,FT,DATA SCIENTIST,165220,USD,165220,US,100,US,M,0,SENIOR,Remote,Medium,Data Science,150K-200K
2022,EN,FT,DATA ENGINEER,35000,GBP,45807,GB,100,GB,M,0,JUNIOR,Remote,Medium,Data Engineering,<50K
2022,SE,FT,DATA SCIENTIST,120160,USD,120160,US,100,US,M,0,SENIOR,Remote,Medium,Data Science,100K-150K
2022,SE,FT,DATA ANALYST,90320,USD,90320,US,100,US,M,0,SENIOR,Remote,Medium,Data Analytics,50K-100K
2022,SE,FT,DATA ENGINEER,181940,USD,181940,US,0,US,M,0,SENIOR,On-site,Medium,Data Engineering,150K-200K
2022,SE,FT,DATA ENGINEER,132320,USD,132320,US,0,US,M,0,SENIOR,On-site,Medium,Data Engineering,100K-150K
2022,SE,FT,DATA ENGINEER,220110,USD,220110,US,0,US,M,0,SENIOR,On-site,Medium,Data Engineering,200K+
2022,SE,FT,DATA ENGINEER,160080,USD,160080,US,0,US,M,0,SENIOR,On-site,Medium,Data Engineering,150K-200K
2022,SE,FT,DATA SCIENTIST,180000,USD,180000,US,0,US,L,0,SENIOR,On-site,Large,Data Science,150K-200K
2022,SE,FT,DATA SCIENTIST,120000,USD,120000,US,0,US,L,0,SENIOR,On-site,Large,Data Science,100K-150K
2022,SE,FT,DATA ANALYST,124190,USD,124190,US,100,US,M,0,SENIOR,Remote,Medium,Data Analytics,100K-150K
2022,EX,FT,DATA ANALYST,130000,USD,130000,US,100,US,M,0,EXECUTIVE,Remote,Medium,Data Analytics,100K-150K
2022,EX,FT,DATA ANALYST,110000,USD,110000,US,100,US,M,0,EXECUTIVE,Remote,Medium,Data Analytics,100K-150K
2022,SE,FT,DATA ANALYST,170000,USD,170000,US,100,US,M,0,SENIOR,Remote,Medium,Data Analytics,150K-200K
2022,MI,FT,DATA ANALYST,115500,USD,115500,US,100,US,M,0,MID,Remote,Medium,Data Analytics,100K-150K
2022,SE,FT,DATA ANALYST,112900,USD,112900,US,100,US,M,0,SENIOR,Remote,Medium,Data Analytics,100K-150K
2022,SE,FT,DATA ANALYST,90320,USD,90320,US,100,US,M,0,SENIOR,Remote,Medium,Data Analytics,50K-100K
2022,SE,FT,DATA ANALYST,112900,USD,112900,US,100,US,M,0,SENIOR,Remote,Medium,Data Analytics,100K-150K
2022,SE,FT,DATA ANALYST,90320,USD,90320,US,100,US,M,0,SENIOR,Remote,Medium,Data Analytics,50K-100K
2022,SE,FT,DATA ENGINEER,165400,USD,165400,US,100,US,M,0,SENIOR,Remote,Medium,Data Engineering,150K-200K
2022,SE,FT,DATA ENGINEER,132320,USD,132320,US,100,US,M,0,SENIOR,Remote,Medium,Data Engineering,100K-150K
2022,MI,FT,DATA ANALYST,167000,USD,167000,US,100,US,M,0,MID,Remote,Medium,Data Analytics,150K-200K
2022,SE,FT,DATA ENGINEER,243900,USD,243900,US,100,US,M,0,SENIOR,Remote,Medium,Data Engineering,200K+
2022,SE,FT,DATA ANALYST,136600,USD,136600,US,100,US,M,0,SENIOR,Remote,Medium,Data Analytics,100K-150K
2022,SE,FT,DATA ANALYST,109280,USD,109280,US,100,US,M,0,SENIOR,Remote,Medium,Data Analytics,100K-150K
2022,SE,FT,DATA ENGINEER,128875,USD,128875,US,100,US,M,0,SENIOR,Remote,Medium,Data Engineering,100K-150K
2022,SE,FT,DATA ENGINEER,93700,USD,93700,US,100,US,M,0,SENIOR,Remote,Medium,Data Engineering,50K-100K
2022,EX,FT,HEAD OF DATA SCIENCE,224000,USD,224000,US,100,US,M,0,EXECUTIVE,Remote,Medium,Data Science,200K+
2022,EX,FT,HEAD OF DATA SCIENCE,167875,USD,167875,US,100,US,M,0,EXECUTIVE,Remote,Medium,Data Science,150K-200K
2022,EX,FT,ANALYTICS ENGINEER,175000,USD,175000,US,100,US,M,0,EXECUTIVE,Remote,Medium,Other,150K-200K
2022,SE,FT,DATA ENGINEER,156600,USD,156600,US,100,US,M,0,SENIOR,Remote,Medium,Data Engineering,150K-200K
2022,SE,FT,DATA ENGINEER,108800,USD,108800,US,0,US,M,0,SENIOR,On-site,Medium,Data Engineering,100K-150K
2022,SE,FT,DATA SCIENTIST,95550,USD,95550,US,0,US,M,0,SENIOR,On-site,Medium,Data Science,50K-100K
2022,SE,FT,DATA ENGINEER,113000,USD,113000,US,0,US,L,0,SENIOR,On-site,Large,Data Engineering,100K-150K
2022,SE,FT,DATA ANALYST,135000,USD,135000,US,100,US,M,0,SENIOR,Remote,Medium,Data Analytics,100K-150K
2022,SE,FT,DATA SCIENCE MANAGER,161342,USD,161342,US,100,US,M,0,SENIOR,Remote,Medium,Data Science,150K-200K
2022,SE,FT,DATA SCIENCE MANAGER,137141,USD,137141,US,100,US,M,0,SENIOR,Remote,Medium,Data Science,100K-150K
2022,SE,FT,DATA SCIENTIST,167000,USD,167000,US,100,US,M,0,SENIOR,Remote,Medium,Data Science,150K-200K
2022,SE,FT,DATA SCIENTIST,123000,USD,123000,US,100,US,M,0,SENIOR,Remote,Medium,Data Science,100K-150K
2022,SE,FT,DATA ENGINEER,60000,GBP,78526,GB,0,GB,M,0,SENIOR,On-site,Medium,Data Engineering,50K-100K
2022,SE,FT,DATA ENGINEER,50000,GBP,65438,GB,0,GB,M,0,SENIOR,On-site,Medium,Data Engineering,50K-100K
2022,SE,FT,DATA SCIENTIST,150000,USD,150000,US,0,US,M,0,SENIOR,On-site,Medium,Data Science,150K-200K
2022,SE,FT,DATA SCIENTIST,211500,USD,211500,US,100,US,M,0,SENIOR,Remote,Medium,Data Science,200K+
2022,SE,FT,DATA ARCHITECT,192400,USD,192400,CA,100,CA,M,0,SENIOR,Remote,Medium,Other,150K-200K
2022,SE,FT,DATA ARCHITECT,90700,USD,90700,CA,100,CA,M,0,SENIOR,Remote,Medium,Other,50K-100K
2022,SE,FT,DATA ANALYST,130000,USD,130000,CA,100,CA,M,0,SENIOR,Remote,Medium,Data Analytics,100K-150K
2022,SE,FT,DATA ANALYST,61300,USD,61300,CA,100,CA,M,0,SENIOR,Remote,Medium,Data Analytics,50K-100K
2022,SE,FT,DATA ANALYST,130000,USD,130000,CA,100,CA,M,0,SENIOR,Remote,Medium,Data Analytics,100K-150K
2022,SE,FT,DATA ANALYST,61300,USD,61300,CA,100,CA,M,0,SENIOR,Remote,Medium,Data Analytics,50K-100K
2022,SE,FT,DATA ENGINEER,160000,USD,160000,US,0,US,L,0,SENIOR,On-site,Large,Data Engineering,150K-200K
2022,SE,FT,DATA SCIENTIST,138600,USD,138600,US,100,US,M,0,SENIOR,Remote,Medium,Data Science,100K-150K
2022,SE,FT,DATA ENGINEER,136000,USD,136000,US,0,US,M,0,SENIOR,On-site,Medium,Data Engineering,100K-150K
2022,MI,FT,DATA ANALYST,58000,USD,58000,US,0,US,S,0,MID,On-site,Small,Data Analytics,50K-100K
2022,EX,FT,ANALYTICS ENGINEER,135000,USD,135000,US,100,US,M,0,EXECUTIVE,Remote,Medium,Other,100K-150K
2022,SE,FT,DATA SCIENTIST,170000,USD,170000,US,100,US,M,0,SENIOR,Remote,Medium,Data Science,150K-200K
2022,SE,FT,DATA SCIENTIST,123000,USD,123000,US,100,US,M,0,SENIOR,Remote,Medium,Data Science,100K-150K
2022,SE,FT,MACHINE LEARNING ENGINEER,189650,USD,189650,US,0,US,M,0,SENIOR,On-site,Medium,Machine Learning,150K-200K
2022,SE,FT,MACHINE LEARNING ENGINEER,164996,USD,164996,US,0,US,M,0,SENIOR,On-site,Medium,Machine Learning,150K-200K
2022,MI,FT,ETL DEVELOPER,50000,EUR,54957,GR,0,GR,M,0,MID,On-site,Medium,Other,50K-100K
2022,MI,FT,ETL DEVELOPER,50000,EUR,54957,GR,0,GR,M,0,MID,On-site,Medium,Other,50K-100K
2022,EX,FT,LEAD DATA ENGINEER,150000,CAD,118187,CA,100,CA,S,0,EXECUTIVE,Remote,Small,Data Engineering,100K-150K
2022,SE,FT,DATA ANALYST,132000,USD,132000,US,0,US,M,0,SENIOR,On-site,Medium,Data Analytics,100K-150K
2022,SE,FT,DATA ENGINEER,165400,USD,165400,US,100,US,M,0,SENIOR,Remote,Medium,Data Engineering,150K-200K
2022,SE,FT,DATA ARCHITECT,208775,USD,208775,US,100,US,M,0,SENIOR,Remote,Medium,Other,200K+
2022,SE,FT,DATA ARCHITECT,147800,USD,147800,US,100,US,M,0,SENIOR,Remote,Medium,Other,100K-150K
2022,SE,FT,DATA ENGINEER,136994,USD,136994,US,100,US,M,0,SENIOR,Remote,Medium,Data Engineering,100K-150K
2022,SE,FT,DATA ENGINEER,101570,USD,101570,US,100,US,M,0,SENIOR,Remote,Medium,Data Engineering,100K-150K
2022,SE,FT,DATA ANALYST,128875,USD,128875,US,100,US,M,0,SENIOR,Remote,Medium,Data Analytics,100K-150K
2022,SE,FT,DATA ANALYST,93700,USD,93700,US,100,US,M,0,SENIOR,Remote,Medium,Data Analytics,50K-100K
2022,EX,FT,HEAD OF MACHINE LEARNING,6000000,INR,79039,IN,50,IN,L,0,EXECUTIVE,Hybrid,Large,Machine Learning,50K-100K
2022,SE,FT,DATA ENGINEER,132320,USD,132320,US,100,US,M,0,SENIOR,Remote,Medium,Data Engineering,100K-150K
2022,EN,FT,MACHINE LEARNING ENGINEER,28500,GBP,37300,GB,100,GB,L,0,JUNIOR,Remote,Large,Machine Learning,<50K
2022,SE,FT,DATA ANALYST,164000,USD,164000,US,0,US,M,0,SENIOR,On-site,Medium,Data Analytics,150K-200K
2022,SE,FT,DATA ENGINEER,155000,USD,155000,US,100,US,M,0,SENIOR,Remote,Medium,Data Engineering,150K-200K
2022,MI,FT,MACHINE LEARNING ENGINEER,95000,GBP,124333,GB,0,GB,M,0,MID,On-site,Medium,Machine Learning,100K-150K
2022,MI,FT,MACHINE LEARNING ENGINEER,75000,GBP,98158,GB,0,GB,M,0,MID,On-site,Medium,Machine Learning,50K-100K
2022,MI,FT,AI SCIENTIST,120000,USD,120000,US,0,US,M,0,MID,On-site,Medium,AI/ML,100K-150K
2022,SE,FT,DATA ANALYST,112900,USD,112900,US,100,US,M,0,SENIOR,Remote,Medium,Data Analytics,100K-150K
2022,SE,FT,DATA ANALYST,90320,USD,90320,US,100,US,M,0,SENIOR,Remote,Medium,Data Analytics,50K-100K
2022,SE,FT,DATA ANALYTICS MANAGER,145000,USD,145000,US,100,US,M,0,SENIOR,Remote,Medium,Management,100K-150K
2022,SE,FT,DATA ANALYTICS MANAGER,105400,USD,105400,US,100,US,M,0,SENIOR,Remote,Medium,Management,100K-150K
2022,MI,FT,MACHINE LEARNING ENGINEER,80000,EUR,87932,FR,100,DE,M,0,MID,Remote,Medium,Machine Learning,50K-100K
2022,MI,FT,DATA ENGINEER,90000,GBP,117789,GB,0,GB,M,0,MID,On-site,Medium,Data Engineering,100K-150K
2022,SE,FT,DATA SCIENTIST,215300,USD,215300,US,100,US,L,0,SENIOR,Remote,Large,Data Science,200K+
2022,SE,FT,DATA SCIENTIST,158200,USD,158200,US,100,US,L,0,SENIOR,Remote,Large,Data Science,150K-200K
2022,SE,FT,DATA ENGINEER,209100,USD,209100,US,100,US,L,0,SENIOR,Remote,Large,Data Engineering,200K+
2022,SE,FT,DATA ENGINEER,154600,USD,154600,US,100,US,L,0,SENIOR,Remote,Large,Data Engineering,150K-200K
2022,SE,FT,DATA ANALYST,115934,USD,115934,US,0,US,M,0,SENIOR,On-site,Medium,Data Analytics,100K-150K
2022,SE,FT,DATA ANALYST,81666,USD,81666,US,0,US,M,0,SENIOR,On-site,Medium,Data Analytics,50K-100K
2022,SE,FT,DATA ENGINEER,175000,USD,175000,US,100,US,M,0,SENIOR,Remote,Medium,Data Engineering,150K-200K
2022,MI,FT,DATA ENGINEER,75000,GBP,98158,GB,0,GB,M,0,MID,On-site,Medium,Data Engineering,50K-100K
2022,MI,FT,DATA ANALYST,58000,USD,58000,US,0,US,S,0,MID,On-site,Small,Data Analytics,50K-100K
2022,SE,FT,DATA ENGINEER,183600,USD,183600,US,100,US,L,0,SENIOR,Remote,Large,Data Engineering,150K-200K
2022,MI,FT,DATA ANALYST,40000,GBP,52351,GB,100,GB,M,0,MID,Remote,Medium,Data Analytics,50K-100K
2022,SE,FT,DATA SCIENTIST,180000,USD,180000,US,100,US,M,0,SENIOR,Remote,Medium,Data Science,150K-200K
2022,MI,FT,DATA SCIENTIST,55000,GBP,71982,GB,0,GB,M,0,MID,On-site,Medium,Data Science,50K-100K
2022,MI,FT,DATA SCIENTIST,35000,GBP,45807,GB,0,GB,M,0,MID,On-site,Medium,Data Science,<50K
2022,MI,FT,DATA ENGINEER,60000,EUR,65949,GR,100,GR,M,0,MID,Remote,Medium,Data Engineering,50K-100K
2022,MI,FT,DATA ENGINEER,45000,EUR,49461,GR,100,GR,M,0,MID,Remote,Medium,Data Engineering,<50K
2022,MI,FT,DATA ENGINEER,60000,GBP,78526,GB,100,GB,M,0,MID,Remote,Medium,Data Engineering,50K-100K
2022,MI,FT,DATA ENGINEER,45000,GBP,58894,GB,100,GB,M,0,MID,Remote,Medium,Data Engineering,50K-100K
2022,SE,FT,DATA SCIENTIST,260000,USD,260000,US,100,US,M,0,SENIOR,Remote,Medium,Data Science,200K+
2022,SE,FT,DATA SCIENCE ENGINEER,60000,USD,60000,AR,100,MX,L,0,SENIOR,Remote,Large,Data Science,50K-100K
2022,MI,FT,DATA ENGINEER,63900,USD,63900,US,0,US,M,0,MID,On-site,Medium,Data Engineering,50K-100K
2022,MI,FT,MACHINE LEARNING SCIENTIST,160000,USD,160000,US,100,US,L,0,MID,Remote,Large,Machine Learning,150K-200K
2022,MI,FT,MACHINE LEARNING SCIENTIST,112300,USD,112300,US,100,US,L,0,MID,Remote,Large,Machine Learning,100K-150K
2022,MI,FT,DATA SCIENCE MANAGER,241000,USD,241000,US,100,US,M,0,MID,Remote,Medium,Data Science,200K+
2022,MI,FT,DATA SCIENCE MANAGER,159000,USD,159000,US,100,US,M,0,MID,Remote,Medium,Data Science,150K-200K
2022,SE,FT,DATA SCIENTIST,180000,USD,180000,US,0,US,M,0,SENIOR,On-site,Medium,Data Science,150K-200K
2022,SE,FT,DATA SCIENTIST,80000,USD,80000,US,0,US,M,0,SENIOR,On-site,Medium,Data Science,50K-100K
2022,MI,FT,DATA ENGINEER,82900,USD,82900,US,0,US,M,0,MID,On-site,Medium,Data Engineering,50K-100K
2022,SE,FT,DATA ENGINEER,100800,USD,100800,US,100,US,L,0,SENIOR,Remote,Large,Data Engineering,100K-150K
2022,MI,FT,DATA ENGINEER,45000,EUR,49461,ES,100,ES,M,0,MID,Remote,Medium,Data Engineering,<50K
2022,SE,FT,DATA SCIENTIST,140400,USD,140400,US,0,US,L,0,SENIOR,On-site,Large,Data Science,100K-150K
2022,MI,FT,DATA ANALYST,30000,GBP,39263,GB,100,GB,M,0,MID,Remote,Medium,Data Analytics,<50K
2022,MI,FT,DATA ANALYST,40000,EUR,43966,ES,100,ES,M,0,MID,Remote,Medium,Data Analytics,<50K
2022,MI,FT,DATA ANALYST,30000,EUR,32974,ES,100,ES,M,0,MID,Remote,Medium,Data Analytics,<50K
2022,MI,FT,DATA ENGINEER,80000,EUR,87932,ES,100,ES,M,0,MID,Remote,Medium,Data Engineering,50K-100K
2022,MI,FT,DATA ENGINEER,70000,EUR,76940,ES,100,ES,M,0,MID,Remote,Medium,Data Engineering,50K-100K
2022,MI,FT,DATA ENGINEER,80000,GBP,104702,GB,100,GB,M,0,MID,Remote,Medium,Data Engineering,100K-150K
2022,MI,FT,DATA ENGINEER,70000,GBP,91614,GB,100,GB,M,0,MID,Remote,Medium,Data Engineering,50K-100K
2022,MI,FT,DATA ENGINEER,60000,EUR,65949,ES,100,ES,M,0,MID,Remote,Medium,Data Engineering,50K-100K
2022,MI,FT,DATA ENGINEER,80000,EUR,87932,GR,100,GR,M,0,MID,Remote,Medium,Data Engineering,50K-100K
2022,SE,FT,MACHINE LEARNING ENGINEER,189650,USD,189650,US,0,US,M,0,SENIOR,On-site,Medium,Machine Learning,150K-200K
2022,SE,FT,MACHINE LEARNING ENGINEER,164996,USD,164996,US,0,US,M,0,SENIOR,On-site,Medium,Machine Learning,150K-200K
2022,MI,FT,DATA ANALYST,40000,EUR,43966,GR,100,GR,M,0,MID,Remote,Medium,Data Analytics,<50K
2022,MI,FT,DATA ANALYST,30000,EUR,32974,GR,100,GR,M,0,MID,Remote,Medium,Data Analytics,<50K
2022,MI,FT,DATA ENGINEER,75000,GBP,98158,GB,100,GB,M,0,MID,Remote,Medium,Data Engineering,50K-100K
2022,MI,FT,DATA ENGINEER,60000,GBP,78526,GB,100,GB,M,0,MID,Remote,Medium,Data Engineering,50K-100K
2022,SE,FT,DATA SCIENTIST,215300,USD,215300,US,0,US,L,0,SENIOR,On-site,Large,Data Science,200K+
2022,MI,FT,DATA ENGINEER,70000,EUR,76940,GR,100,GR,M,0,MID,Remote,Medium,Data Engineering,50K-100K
2022,SE,FT,DATA ENGINEER,209100,USD,209100,US,100,US,L,0,SENIOR,Remote,Large,Data Engineering,200K+
2022,SE,FT,DATA ENGINEER,154600,USD,154600,US,100,US,L,0,SENIOR,Remote,Large,Data Engineering,150K-200K
2022,SE,FT,DATA ENGINEER,180000,USD,180000,US,100,US,M,0,SENIOR,Remote,Medium,Data Engineering,150K-200K
2022,EN,FT,ML ENGINEER,20000,EUR,21983,PT,100,PT,L,0,JUNIOR,Remote,Large,Machine Learning,<50K
2022,SE,FT,DATA ENGINEER,80000,USD,80000,US,100,US,M,0,SENIOR,Remote,Medium,Data Engineering,50K-100K
2022,MI,FT,MACHINE LEARNING DEVELOPER,100000,CAD,78791,CA,100,CA,M,0,MID,Remote,Medium,Machine Learning,50K-100K
2022,EX,FT,DIRECTOR OF DATA SCIENCE,250000,CAD,196979,CA,50,CA,L,0,EXECUTIVE,Hybrid,Large,Data Science,150K-200K
2022,MI,FT,MACHINE LEARNING ENGINEER,120000,USD,120000,US,100,US,S,0,MID,Remote,Small,Machine Learning,100K-150K
2022,EN,FT,COMPUTER VISION ENGINEER,125000,USD,125000,US,0,US,M,0,JUNIOR,On-site,Medium,Other,100K-150K
2022,MI,FT,NLP ENGINEER,240000,CNY,37236,US,50,US,L,0,MID,Hybrid,Large,Other,<50K
2022,SE,FT,DATA ENGINEER,105000,USD,105000,US,100,US,M,0,SENIOR,Remote,Medium,Data Engineering,100K-150K
2022,SE,FT,LEAD MACHINE LEARNING ENGINEER,80000,EUR,87932,DE,0,DE,M,0,SENIOR,On-site,Medium,Machine Learning,50K-100K
2022,MI,FT,BUSINESS DATA ANALYST,1400000,INR,18442,IN,100,IN,M,0,MID,Remote,Medium,Data Analytics,<50K
2022,MI,FT,DATA SCIENTIST,2400000,INR,31615,IN,100,IN,L,0,MID,Remote,Large,Data Science,<50K
2022,MI,FT,MACHINE LEARNING INFRASTRUCTURE ENGINEER,53000,EUR,58255,PT,50,PT,L,0,MID,Hybrid,Large,Machine Learning,50K-100K
2022,EN,FT,FINANCIAL DATA ANALYST,100000,USD,100000,US,50,US,L,0,JUNIOR,Hybrid,Large,Data Analytics,100K-150K
2022,MI,PT,DATA ENGINEER,50000,EUR,54957,DE,50,DE,L,0,MID,Hybrid,Large,Data Engineering,50K-100K
2022,EN,FT,DATA SCIENTIST,1400000,INR,18442,IN,100,IN,M,0,JUNIOR,Remote,Medium,Data Science,<50K
2022,SE,FT,PRINCIPAL DATA SCIENTIST,148000,EUR,162674,DE,100,DE,M,0,SENIOR,Remote,Medium,Data Science,150K-200K
2022,EN,FT,DATA ENGINEER,120000,USD,120000,US,100,US,M,0,JUNIOR,Remote,Medium,Data Engineering,100K-150K
2022,SE,FT,RESEARCH SCIENTIST,144000,USD,144000,US,50,US,L,0,SENIOR,Hybrid,Large,Research,100K-150K
2022,SE,FT,DATA SCIENTIST,104890,USD,104890,US,100,US,M,0,SENIOR,Remote,Medium,Data Science,100K-150K
2022,SE,FT,DATA ENGINEER,100000,USD,100000,US,100,US,M,0,SENIOR,Remote,Medium,Data Engineering,100K-150K
2022,SE,FT,DATA SCIENTIST,140000,USD,140000,US,100,US,M,0,SENIOR,Remote,Medium,Data Science,100K-150K
2022,MI,FT,DATA ANALYST,135000,USD,135000,US,100,US,M,0,MID,Remote,Medium,Data Analytics,100K-150K
2022,MI,FT,DATA ANALYST,50000,USD,50000,US,100,US,M,0,MID,Remote,Medium,Data Analytics,50K-100K
2022,SE,FT,DATA SCIENTIST,220000,USD,220000,US,100,US,M,0,SENIOR,Remote,Medium,Data Science,200K+
2022,SE,FT,DATA SCIENTIST,140000,USD,140000,US,100,US,M,0,SENIOR,Remote,Medium,Data Science,100K-150K
2022,MI,FT,DATA SCIENTIST,140000,GBP,183228,GB,0,GB,M,0,MID,On-site,Medium,Data Science,150K-200K
2022,MI,FT,DATA SCIENTIST,70000,GBP,91614,GB,0,GB,M,0,MID,On-site,Medium,Data Science,50K-100K
2022,SE,FT,DATA SCIENTIST,185100,USD,185100,US,100,US,M,0,SENIOR,Remote,Medium,Data Science,150K-200K
2022,SE,FT,MACHINE LEARNING ENGINEER,220000,USD,220000,US,100,US,M,0,SENIOR,Remote,Medium,Machine Learning,200K+
2022,MI,FT,DATA SCIENTIST,200000,USD,200000,US,100,US,M,0,MID,Remote,Medium,Data Science,200K+
2022,MI,FT,DATA SCIENTIST,120000,USD,120000,US,100,US,M,0,MID,Remote,Medium,Data Science,100K-150K
2022,SE,FT,MACHINE LEARNING ENGINEER,120000,USD,120000,AE,100,AE,S,0,SENIOR,Remote,Small,Machine Learning,100K-150K
2022,SE,FT,MACHINE LEARNING ENGINEER,65000,USD,65000,AE,100,AE,S,0,SENIOR,Remote,Small,Machine Learning,50K-100K
2022,EX,FT,DATA ENGINEER,324000,USD,324000,US,100,US,M,0,EXECUTIVE,Remote,Medium,Data Engineering,200K+
2022,EX,FT,DATA ENGINEER,216000,USD,216000,US,100,US,M,0,EXECUTIVE,Remote,Medium,Data Engineering,200K+
2022,SE,FT,DATA ENGINEER,210000,USD,210000,US,100,US,M,0,SENIOR,Remote,Medium,Data Engineering,200K+
2022,SE,FT,MACHINE LEARNING ENGINEER,120000,USD,120000,US,100,US,M,0,SENIOR,Remote,Medium,Machine Learning,100K-150K
2022,SE,FT,DATA SCIENTIST,230000,USD,230000,US,100,US,M,0,SENIOR,Remote,Medium,Data Science,200K+
2022,EN,PT,DATA SCIENTIST,100000,USD,100000,DZ,50,DZ,M,0,JUNIOR,Hybrid,Medium,Data Science,100K-150K
2022,MI,FL,DATA SCIENTIST,100000,USD,100000,CA,100,US,M,0,MID,Remote,Medium,Data Science,100K-150K
2022,EN,CT,APPLIED MACHINE LEARNING SCIENTIST,29000,EUR,31875,TN,100,CZ,M,0,JUNIOR,Remote,Medium,Machine Learning,<50K
2022,SE,FT,HEAD OF DATA,200000,USD,200000,MY,100,US,M,0,SENIOR,Remote,Medium,Management,200K+
2022,MI,FT,PRINCIPAL DATA ANALYST,75000,USD,75000,CA,100,CA,S,0,MID,Remote,Small,Data Analytics,50K-100K
2022,MI,FT,DATA SCIENTIST,150000,PLN,35590,PL,100,PL,L,0,MID,Remote,Large,Data Science,<50K
2022,SE,FT,MACHINE LEARNING DEVELOPER,100000,CAD,78791,CA,100,CA,M,0,SENIOR,Remote,Medium,Machine Learning,50K-100K
2022,SE,FT,DATA SCIENTIST,100000,USD,100000,BR,100,US,M,0,SENIOR,Remote,Medium,Data Science,100K-150K
2022,MI,FT,MACHINE LEARNING SCIENTIST,153000,USD,153000,US,50,US,M,0,MID,Hybrid,Medium,Machine Learning,150K-200K
2022,EN,FT,DATA ENGINEER,52800,EUR,58035,PK,100,DE,M,0,JUNIOR,Remote,Medium,Data Engineering,50K-100K
2022,SE,FT,DATA SCIENTIST,165000,USD,165000,US,100,US,M,0,SENIOR,Remote,Medium,Data Science,150K-200K
2022,SE,FT,RESEARCH SCIENTIST,85000,EUR,93427,FR,50,FR,L,0,SENIOR,Hybrid,Large,Research,50K-100K
2022,EN,FT,DATA SCIENTIST,66500,CAD,52396,CA,100,CA,L,0,JUNIOR,Remote,Large,Data Science,50K-100K
2022,SE,FT,MACHINE LEARNING ENGINEER,57000,EUR,62651,NL,100,NL,L,0,SENIOR,Remote,Large,Machine Learning,50K-100K
2022,MI,FT,HEAD OF DATA,30000,EUR,32974,EE,100,EE,S,0,MID,Remote,Small,Management,<50K
2022,EN,FT,DATA SCIENTIST,40000,USD,40000,JP,100,MY,L,0,JUNIOR,Remote,Large,Data Science,<50K
2022,MI,FT,MACHINE LEARNING ENGINEER,121000,AUD,87425,AU,100,AU,L,0,MID,Remote,Large,Machine Learning,50K-100K
2022,SE,FT,DATA ENGINEER,115000,USD,115000,US,100,US,M,0,SENIOR,Remote,Medium,Data Engineering,100K-150K
2022,EN,FT,DATA SCIENTIST,120000,AUD,86703,AU,50,AU,M,0,JUNIOR,Hybrid,Medium,Data Science,50K-100K
2022,MI,FT,APPLIED MACHINE LEARNING SCIENTIST,75000,USD,75000,BO,100,US,L,0,MID,Remote,Large,Machine Learning,50K-100K
2022,MI,FT,RESEARCH SCIENTIST,59000,EUR,64849,AT,0,AT,L,0,MID,On-site,Large,Research,50K-100K
2022,EN,FT,RESEARCH SCIENTIST,120000,USD,120000,US,100,US,L,0,JUNIOR,Remote,Large,Research,100K-150K
2022,MI,FT,APPLIED DATA SCIENTIST,157000,USD,157000,US,100,US,L,0,MID,Remote,Large,Data Science,150K-200K
2022,EN,FT,COMPUTER VISION SOFTWARE ENGINEER,150000,USD,150000,AU,100,AU,S,0,JUNIOR,Remote,Small,Other,150K-200K
2022,MI,FT,BUSINESS DATA ANALYST,90000,CAD,70912,CA,50,CA,L,0,MID,Hybrid,Large,Data Analytics,50K-100K
2022,EN,FT,DATA ENGINEER,65000,USD,65000,US,100,US,S,0,JUNIOR,Remote,Small,Data Engineering,50K-100K
2022,SE,FT,MACHINE LEARNING ENGINEER,65000,EUR,71444,IE,100,IE,S,0,SENIOR,Remote,Small,Machine Learning,50K-100K
2022,EN,FT,DATA ANALYTICS ENGINEER,20000,USD,20000,PK,0,PK,M,0,JUNIOR,On-site,Medium,Other,<50K
2022,MI,FT,DATA SCIENTIST,48000,USD,48000,RU,100,US,S,0,MID,Remote,Small,Data Science,<50K
2022,SE,FT,DATA SCIENCE MANAGER,152500,USD,152500,US,100,US,M,0,SENIOR,Remote,Medium,Data Science,150K-200K
2022,MI,FT,DATA ENGINEER,62000,EUR,68147,FR,100,FR,M,0,MID,Remote,Medium,Data Engineering,50K-100K
2022,MI,FT,DATA SCIENTIST,115000,CHF,122346,CH,0,CH,L,0,MID,On-site,Large,Data Science,100K-150K
2022,SE,FT,APPLIED DATA SCIENTIST,380000,USD,380000,US,100,US,L,0,SENIOR,Remote,Large,Data Science,200K+
2022,MI,FT,DATA SCIENTIST,88000,CAD,69336,CA,100,CA,M,0,MID,Remote,Medium,Data Science,50K-100K
2022,EN,FT,COMPUTER VISION ENGINEER,10000,USD,10000,PT,100,LU,M,0,JUNIOR,Remote,Medium,Other,<50K
2022,MI,FT,DATA ANALYST,20000,USD,20000,GR,100,GR,S,0,MID,Remote,Small,Data Analytics,<50K
2022,SE,FT,DATA ANALYTICS LEAD,405000,USD,405000,US,100,US,L,0,SENIOR,Remote,Large,Other,200K+
2022,MI,FT,DATA SCIENTIST,135000,USD,135000,US,100,US,L,0,MID,Remote,Large,Data Science,100K-150K
2022,SE,FT,APPLIED DATA SCIENTIST,177000,USD,177000,US,100,US,L,0,SENIOR,Remote,Large,Data Science,150K-200K
2022,MI,FT,DATA SCIENTIST,78000,USD,78000,US,100,US,M,0,MID,Remote,Medium,Data Science,50K-100K
2022,SE,FT,DATA ANALYST,135000,USD,135000,US,100,US,M,0,SENIOR,Remote,Medium,Data Analytics,100K-150K
2022,SE,FT,DATA ANALYST,100000,USD,100000,US,100,US,M,0,SENIOR,Remote,Medium,Data Analytics,100K-150K
2022,SE,FT,DATA ANALYST,90320,USD,90320,US,100,US,M,0,SENIOR,Remote,Medium,Data Analytics,50K-100K
2022,MI,FT,DATA ANALYST,85000,USD,85000,CA,0,CA,M,0,MID,On-site,Medium,Data Analytics,50K-100K
2022,MI,FT,DATA ANALYST,75000,USD,75000,CA,0,CA,M,0,MID,On-site,Medium,Data Analytics,50K-100K
2022,SE,FT,MACHINE LEARNING ENGINEER,214000,USD,214000,US,100,US,M,0,SENIOR,Remote,Medium,Machine Learning,200K+
2022,SE,FT,MACHINE LEARNING ENGINEER,192600,USD,192600,US,100,US,M,0,SENIOR,Remote,Medium,Machine Learning,150K-200K
2022,SE,FT,DATA ARCHITECT,266400,USD,266400,US,100,US,M,0,SENIOR,Remote,Medium,Other,200K+
2022,SE,FT,DATA ARCHITECT,213120,USD,213120,US,100,US,M,0,SENIOR,Remote,Medium,Other,200K+
2022,SE,FT,DATA ANALYST,112900,USD,112900,US,100,US,M,0,SENIOR,Remote,Medium,Data Analytics,100K-150K
2022,SE,FT,DATA ENGINEER,155000,USD,155000,US,100,US,M,0,SENIOR,Remote,Medium,Data Engineering,150K-200K
2022,MI,FT,DATA SCIENTIST,141300,USD,141300,US,0,US,M,0,MID,On-site,Medium,Data Science,100K-150K
2022,MI,FT,DATA SCIENTIST,102100,USD,102100,US,0,US,M,0,MID,On-site,Medium,Data Science,100K-150K
2022,SE,FT,DATA ANALYST,115934,USD,115934,US,100,US,M,0,SENIOR,Remote,Medium,Data Analytics,100K-150K
2022,SE,FT,DATA ANALYST,81666,USD,81666,US,100,US,M,0,SENIOR,Remote,Medium,Data Analytics,50K-100K
2022,MI,FT,DATA ENGINEER,206699,USD,206699,US,0,US,M,0,MID,On-site,Medium,Data Engineering,200K+
2022,MI,FT,DATA ENGINEER,99100,USD,99100,US,0,US,M,0,MID,On-site,Medium,Data Engineering,50K-100K
2022,SE,FT,DATA ENGINEER,130000,USD,130000,US,100,US,M,0,SENIOR,Remote,Medium,Data Engineering,100K-150K
2022,SE,FT,DATA ENGINEER,115000,USD,115000,US,100,US,M,0,SENIOR,Remote,Medium,Data Engineering,100K-150K
2022,SE,FT,DATA ENGINEER,110500,USD,110500,US,100,US,M,0,SENIOR,Remote,Medium,Data Engineering,100K-150K
2022,SE,FT,DATA ENGINEER,130000,USD,130000,US,100,US,M,0,SENIOR,Remote,Medium,Data Engineering,100K-150K
2022,SE,FT,DATA ANALYST,99050,USD,99050,US,100,US,M,0,SENIOR,Remote,Medium,Data Analytics,50K-100K
2022,SE,FT,DATA ENGINEER,160000,USD,160000,US,100,US,M,0,SENIOR,Remote,Medium,Data Engineering,150K-200K
2022,SE,FT,DATA SCIENTIST,205300,USD,205300,US,0,US,L,0,SENIOR,On-site,Large,Data Science,200K+
2022,SE,FT,DATA SCIENTIST,140400,USD,140400,US,0,US,L,0,SENIOR,On-site,Large,Data Science,100K-150K
2022,SE,FT,DATA SCIENTIST,176000,USD,176000,US,100,US,M,0,SENIOR,Remote,Medium,Data Science,150K-200K
2022,SE,FT,DATA SCIENTIST,144000,USD,144000,US,100,US,M,0,SENIOR,Remote,Medium,Data Science,100K-150K
2022,SE,FT,DATA ENGINEER,200100,USD,200100,US,100,US,M,0,SENIOR,Remote,Medium,Data Engineering,200K+
2022,SE,FT,DATA ENGINEER,160000,USD,160000,US,100,US,M,0,SENIOR,Remote,Medium,Data Engineering,150K-200K
2022,SE,FT,DATA ENGINEER,145000,USD,145000,US,100,US,M,0,SENIOR,Remote,Medium,Data Engineering,100K-150K
2022,SE,FT,DATA ENGINEER,70500,USD,70500,US,0,US,M,0,SENIOR,On-site,Medium,Data Engineering,50K-100K
2022,SE,FT,DATA SCIENTIST,205300,USD,205300,US,0,US,M,0,SENIOR,On-site,Medium,Data Science,200K+
2022,SE,FT,DATA SCIENTIST,140400,USD,140400,US,0,US,M,0,SENIOR,On-site,Medium,Data Science,100K-150K
2022,SE,FT,ANALYTICS ENGINEER,205300,USD,205300,US,0,US,M,0,SENIOR,On-site,Medium,Other,200K+
2022,SE,FT,ANALYTICS ENGINEER,184700,USD,184700,US,0,US,M,0,SENIOR,On-site,Medium,Other,150K-200K
2022,SE,FT,DATA ENGINEER,175100,USD,175100,US,100,US,M,0,SENIOR,Remote,Medium,Data Engineering,150K-200K
2022,SE,FT,DATA ENGINEER,140250,USD,140250,US,100,US,M,0,SENIOR,Remote,Medium,Data Engineering,100K-150K
2022,SE,FT,DATA ANALYST,116150,USD,116150,US,100,US,M,0,SENIOR,Remote,Medium,Data Analytics,100K-150K
2022,SE,FT,DATA ENGINEER,54000,USD,54000,US,0,US,M,0,SENIOR,On-site,Medium,Data Engineering,50K-100K
2022,SE,FT,DATA ANALYST,170000,USD,170000,US,100,US,M,0,SENIOR,Remote,Medium,Data Analytics,150K-200K
2022,MI,FT,DATA ANALYST,50000,GBP,65438,GB,0,GB,M,0,MID,On-site,Medium,Data Analytics,50K-100K
2022,SE,FT,DATA ANALYST,80000,USD,80000,US,100,US,M,0,SENIOR,Remote,Medium,Data Analytics,50K-100K
2022,SE,FT,DATA SCIENTIST,140000,USD,140000,US,100,US,M,0,SENIOR,Remote,Medium,Data Science,100K-150K
2022,SE,FT,DATA SCIENTIST,210000,USD,210000,US,100,US,M,0,SENIOR,Remote,Medium,Data Science,200K+
2022,SE,FT,DATA SCIENTIST,140000,USD,140000,US,100,US,M,0,SENIOR,Remote,Medium,Data Science,100K-150K
2022,SE,FT,DATA ANALYST,100000,USD,100000,US,100,US,M,0,SENIOR,Remote,Medium,Data Analytics,100K-150K
2022,SE,FT,DATA ANALYST,69000,USD,69000,US,100,US,M,0,SENIOR,Remote,Medium,Data Analytics,50K-100K
2022,SE,FT,DATA SCIENTIST,210000,USD,210000,US,100,US,M,0,SENIOR,Remote,Medium,Data Science,200K+
2022,SE,FT,DATA SCIENTIST,140000,USD,140000,US,100,US,M,0,SENIOR,Remote,Medium,Data Science,100K-150K
2022,SE,FT,DATA SCIENTIST,210000,USD,210000,US,100,US,M,0,SENIOR,Remote,Medium,Data Science,200K+
2022,SE,FT,DATA ANALYST,150075,USD,150075,US,100,US,M,0,SENIOR,Remote,Medium,Data Analytics,150K-200K
2022,SE,FT,DATA ENGINEER,100000,USD,100000,US,100,US,M,0,SENIOR,Remote,Medium,Data Engineering,100K-150K
2022,SE,FT,DATA ENGINEER,25000,USD,25000,US,100,US,M,0,SENIOR,Remote,Medium,Data Engineering,<50K
2022,SE,FT,DATA ANALYST,126500,USD,126500,US,100,US,M,0,SENIOR,Remote,Medium,Data Analytics,100K-150K
2022,SE,FT,DATA ANALYST,106260,USD,106260,US,100,US,M,0,SENIOR,Remote,Medium,Data Analytics,100K-150K
2022,SE,FT,DATA ENGINEER,220110,USD,220110,US,100,US,M,0,SENIOR,Remote,Medium,Data Engineering,200K+
2022,SE,FT,DATA ENGINEER,160080,USD,160080,US,100,US,M,0,SENIOR,Remote,Medium,Data Engineering,150K-200K
2022,SE,FT,DATA ANALYST,105000,USD,105000,US,100,US,M,0,SENIOR,Remote,Medium,Data Analytics,100K-150K
2022,SE,FT,DATA ANALYST,110925,USD,110925,US,100,US,M,0,SENIOR,Remote,Medium,Data Analytics,100K-150K
2022,MI,FT,DATA ANALYST,35000,GBP,45807,GB,0,GB,M,0,MID,On-site,Medium,Data Analytics,<50K
2022,SE,FT,DATA SCIENTIST,140000,USD,140000,US,100,US,M,0,SENIOR,Remote,Medium,Data Science,100K-150K
2022,SE,FT,DATA ANALYST,99000,USD,99000,US,0,US,M,0,SENIOR,On-site,Medium,Data Analytics,50K-100K
2022,SE,FT,DATA ANALYST,60000,USD,60000,US,100,US,M,0,SENIOR,Remote,Medium,Data Analytics,50K-100K
2022,SE,FT,DATA ARCHITECT,192564,USD,192564,US,100,US,M,0,SENIOR,Remote,Medium,Other,150K-200K
2022,SE,FT,DATA ARCHITECT,144854,USD,144854,US,100,US,M,0,SENIOR,Remote,Medium,Other,100K-150K
2022,SE,FT,DATA SCIENTIST,230000,USD,230000,US,100,US,M,0,SENIOR,Remote,Medium,Data Science,200K+
2022,SE,FT,DATA SCIENTIST,150000,USD,150000,US,100,US,M,0,SENIOR,Remote,Medium,Data Science,150K-200K
2022,SE,FT,DATA ANALYTICS MANAGER,150260,USD,150260,US,100,US,M,0,SENIOR,Remote,Medium,Management,150K-200K
2022,SE,FT,DATA ANALYTICS MANAGER,109280,USD,109280,US,100,US,M,0,SENIOR,Remote,Medium,Management,100K-150K
2022,SE,FT,DATA SCIENTIST,210000,USD,210000,US,100,US,M,0,SENIOR,Remote,Medium,Data Science,200K+
2022,SE,FT,DATA ANALYST,170000,USD,170000,US,100,US,M,0,SENIOR,Remote,Medium,Data Analytics,150K-200K
2022,MI,FT,DATA SCIENTIST,160000,USD,160000,US,100,US,M,0,MID,Remote,Medium,Data Science,150K-200K
2022,MI,FT,DATA SCIENTIST,130000,USD,130000,US,100,US,M,0,MID,Remote,Medium,Data Science,100K-150K
2022,EN,FT,DATA ANALYST,67000,USD,67000,CA,0,CA,M,0,JUNIOR,On-site,Medium,Data Analytics,50K-100K
2022,EN,FT,DATA ANALYST,52000,USD,52000,CA,0,CA,M,0,JUNIOR,On-site,Medium,Data Analytics,50K-100K
2022,SE,FT,DATA ENGINEER,154000,USD,154000,US,100,US,M,0,SENIOR,Remote,Medium,Data Engineering,150K-200K
2022,SE,FT,DATA ENGINEER,126000,USD,126000,US,100,US,M,0,SENIOR,Remote,Medium,Data Engineering,100K-150K
2022,SE,FT,DATA ANALYST,129000,USD,129000,US,0,US,M,0,SENIOR,On-site,Medium,Data Analytics,100K-150K
2022,SE,FT,DATA ANALYST,150000,USD,150000,US,100,US,M,0,SENIOR,Remote,Medium,Data Analytics,150K-200K
2022,MI,FT,AI SCIENTIST,200000,USD,200000,IN,100,US,L,0,MID,Remote,Large,AI/ML,200K+
